{
   "aircraftType":"DC5",
   "liveryFileName":"DC5_Mod.png",
   "pixelSize":270,
   "liveryComponent":[
      {
         "name":"Fuselage",
         "layerOrder":2,
         "slicePosition":{
            "x":46,
            "y":28
         },
         "sliceSize":{
            "x":3854,
            "y":445
         },
         "position":{
            "x":0,
            "y":0,
            "z":0
         }
      },
      {
         "name":"EngineRight",
         "layerOrder":4,
         "slicePosition":{
            "x":94,
            "y":608
         },
         "sliceSize":{
            "x":787,
            "y":284
         },
         "position":{
            "x":3.1824444444444444444444444444444,
            "y":-2.3315925925925925925925925925926,
            "z":0
         }
      },
      {
         "name":"EngineLeft",
         "layerOrder":4,
         "slicePosition":{
            "x":94,
            "y":608
         },
         "sliceSize":{
            "x":787,
            "y":284
         },
         "position":{
            "x":3.1824444444444444444444444444444,
            "y":2.3315925925925925925925925925926,
            "z":0
         },
         "flip":{
            "x":0,
            "y":1
         }
      }
   ]
}